Post Type,Quarter,Content,Hashtags,Accounts Reached,Accounts Engaged,Impressions,Impressions From Home,Impressions From Profile,Impressions From Hashtags,Impressions From Location,Impressions From Reel,Impressions From Explore,Impressions From Other,Interactions,Likes,Saves,Comments,Shares,Profile Visits,External Link Taps,Follows,Business Address Taps
Meeting Promotion,Fall 2021,"Guest Speaker - Paula Smith, Intercollegiate Athletic Director, UCI Athletics",#SBAUCI #UCI #UCIrvine #SportsBusiness #UCIAthletics #PaulaSmith #DivisionI #AthleticsDirector #CollegeSports #BigWestConference #UCIAthletics,15,0,18,0,15,3,0,0,0,0,31,26,3,2,0,0,0,0,0
Meeting Promotion,Fall 2021,"Guest Speaker - Paula Smith, Intercollegiate Athletic Director, UCI Athletics",#SBAUCI #UCI #UCIrvine #SportsBusiness #UCIAthletics #PaulaSmith #DivisionI #AthleticsDirector #CollegeSports #BigWestConference #UCIAthletics,16,0,23,0,22,1,0,0,0,0,18,14,1,3,0,1,0,0,0
Meeting Recap,Fall 2021,"Guest Speaker - Paula Smith, Intercollegiate Athletic Director, UCI Athletics",#SBAUCI #UCI #UCIrvine #SportsBusiness #UCIAthletics #PaulaSmith #DivisionI #AthleticsDirector #CollegeSports #BigWestConference #UCIAthletics,18,0,23,0,18,4,0,0,0,1,61,48,2,11,0,0,0,0,0
Meeting Recap,Fall 2021,"Guest Speaker - Paula Smith, Intercollegiate Athletic Director, UCI Athletics",#SBAUCI #UCI #UCIrvine #SportsBusiness #UCIAthletics #PaulaSmith #DivisionI #AthleticsDirector #CollegeSports #BigWestConference #UCIAthletics,22,0,33,0,33,0,0,0,0,0,19,17,0,2,0,0,0,0,0
Meeting Promotion,Fall 2021,"Professional Workshop - Sarah Yoo, Associate Director, BA Career Services; Hayley Ng, Merage Peer Career Advisor",#SBAUCI #UCI #UCIrvine #SportsBusiness #HayleyNg #SarahYoo #ProfessionalWorkshop #LinkedIn,54,0,72,0,60,5,0,0,0,7,38,29,3,6,0,0,0,0,0
Meeting Recap,Fall 2021,"Professional Workshop - Sarah Yoo, Associate Director, BA Career Services; Hayley Ng, Merage Peer Career Advisor",#SBAUCI #UCI #UCIrvine #SportsBusiness #HayleyNg #SarahYoo #ProfessionalWorkshop #LinkedIn #Networking,74,0,89,0,64,5,5,0,0,15,42,39,1,2,0,0,0,0,0
Meeting Recap,Fall 2021,"Professional Workshop - Sarah Yoo, Associate Director, BA Career Services; Hayley Ng, Merage Peer Career Advisor",#SBAUCI #SportsBusiness #UCI #UCIrvine #Networking #LinkedIn #ProfessionalWorkshop,27,0,33,0,33,0,0,0,0,0,16,12,1,3,0,0,0,0,0
Event Promotion,Fall 2021,Social - Bowling,#SBAUCI #SportsBusiness #UCI #UCIrvine #Bowling #IrvineLanes,35,0,39,0,32,6,0,0,0,1,32,28,3,1,0,0,0,0,0
Meeting Promotion,Fall 2021,"Guest Speaker - Andrea Berryman, Director of Corporate Partnerships Activation, Anaheim Ducks",#SBAUCI #SportsBusiness #UCI #UCIrvine #AndreaBerryman #AnaheimDucks,38,0,42,0,39,0,0,0,0,3,29,23,4,2,9,0,0,0,0
Event Recap,Fall 2021,Social - Bowling,#SBAUCI #SportsBusiness #UCI #UCIrvine #Bowling #IrvineLanes,69,0,890,0,0,0,0,890,0,0,35,31,0,4,0,0,0,0,0
Fundraiser Promotion,Fall 2021,Fundraiser - Cha For Tea,#SBAUCI #SportsBusiness #UCI #UCIrvine #Cha4Tea #Boba #Fundraiser,39,0,44,0,44,0,0,0,0,0,23,22,0,1,0,0,0,0,0
Meeting Recap,Fall 2021,"Guest Speaker - Andrea Berryman, Director of Corporate Partnerships Activation, Anaheim Ducks",#SBAUCI #SportsBusiness #UCI #UCIrvine #AnaheimDucks #NHL,33,0,427,0,0,0,0,427,0,0,29,23,1,5,0,0,0,0,0
Announcement,Fall 2021,No Meeting,#SBAUCI #SportsBusiness #UCI #UCIrvine,29,0,31,0,31,0,0,0,0,0,18,18,0,0,0,0,0,0,0
Meeting Promotion,Fall 2021,"Professional Workshop - Ishmael Lawrence, Director of Marketing, Steinberg Sports & Entertainment",#SBAUCI #SportsBusiness #UCI #UCIrvine #InteractiveWorkshop #IshmaelLawrence #SteinbergSports #Marketing #SportsMarketing,27,0,30,0,24,5,0,0,0,1,34,29,4,1,0,0,0,0,0
Announcement,Fall 2021,Executive Board Applications,#SBAUCI #SportsBusiness #UCI #UCIrvine #ExecutiveBoard,25,0,28,0,27,1,0,0,0,0,15,13,1,1,0,0,0,0,0
Meeting Recap,Fall 2021,"Professional Workshop - Ishmael Lawrence, Director of Marketing, Steinberg Sports & Entertainment",#SBAUCI #SportsBusiness #UCI #UCIrvine #InteractiveWorkshop #IshmaelLawrence #SteinbergSports #Marketing #SportsMarketing #PatrickMahomes #NFL #Sports Agency,32,0,37,0,33,4,0,0,0,0,33,26,1,6,0,0,0,0,0
Event Promotion,Fall 2021,Facility Tour - SoFi Stadium,#SBAUCI #SportsBusiness #UCI #UCIrvine #LAChargers #LARams #SoFiStadium #FacilityTour,34,0,40,0,39,1,0,0,0,0,32,26,1,5,0,0,0,0,0
Event Promotion,Fall 2021,Field Day,#SBAUCI #SportsBusiness #UCI #UCIrvine #SocialEvent #FieldDay,74,0,131,0,109,0,0,0,0,22,18,16,2,0,0,16,4,0,0
Event Recap,Fall 2021,Facility Tour - SoFi Stadium,#SBAUCI #SportsBusiness #UCI #UCIrvine #FacilityTour #SoFiStadium #LAChargers #LARams #Inglewood,144,0,225,0,218,1,0,0,0,6,96,81,2,13,0,8,0,0,0
Individual Spotlight,Fall 2021,"Job Spotlight - Adam Do, Communications Game Night Staff, LA Clippers",#SBAUCI #SportsBusiness #UCI #UCIrvine #LAClippers #Alumni #JobSpotlight #Communications,136,0,176,0,172,1,0,0,0,3,31,26,2,3,0,10,0,0,0
Meeting Promotion,Fall 2021,"Guest Speaker - Danelle Winfield, Senior Director of Game Operations, LA Sparks",#SBAUCI #SportsBusiness #UCI #UCIrvine #DanelleWinfield #LASparks #WNBA #TheW #WomensSports #Basketball,33,0,37,0,37,0,0,0,0,0,31,28,0,3,0,0,0,0,0
Meeting Promotion,Fall 2021,"Guest Speaker - Danelle Winfield, Senior Director of Game Operations, LA Sparks",#SBAUCI #SportsBusiness #UCI #UCIrvine #DanelleWinfled #LASparks #WNBA #TheW #WomensSports #Basketball,20,0,23,0,22,0,0,0,0,1,17,14,1,2,0,0,0,0,0
Meeting Recap,Fall 2021,"Guest Speaker - Danelle Winfield, Senior Director of Game Operations, LA Sparks",#SBAUCI #SportsBusiness #UCI #UCIrvine #DanelleWinfield #LASparks #WNBA #TheW #WomensSports #Basketball #LinkedIn,25,0,28,0,28,0,0,0,0,0,14,13,0,1,0,0,0,0,0
Meeting Recap,Fall 2021,"Guest Speaker - Danelle Winfield, Senior Director of Game Operations, LA Sparks",#SBAUCI #SportsBusiness #UCI #UCIrvine #DanelleWinfield #LASparks #WNBA #TheW #WomensSports #Basketball #Tshirttoss #Gameoperations #WNBAEntertainment,66,0,342,0,0,0,0,342,0,0,25,23,0,2,0,0,0,0,0
Announcement,Fall 2021,No Meeting,#SBAUCI #SportsBusiness #UCI #UCIrvine,51,0,61,0,61,0,0,0,0,0,14,14,0,0,0,0,0,0,0
Individual Spotlight,Winter 2022,"Member Monday - Joseph Rubio, SBA Member",#SBAUCI #UCI #UCIrvine #Sportsbusiness #Marketing #MemberMondays #MLB #NFL #Finance #Analytics,65,0,75,0,66,0,0,0,0,9,32,30,0,2,0,4,0,0,0
Meeting Promotion,Winter 2022,Guest Speaker - Women in Sports Panel,#SBAUCI #SportsBusiness #UCI #UCIrvine #KristenWelch #TheWelchConsultancy #NetWorthSports #StephanieLovell #Togethxr #MeganCiampa #LAGalaxy #Womeninsports,74,0,85,0,82,3,0,0,0,0,27,24,2,1,0,0,0,0,0
Meeting Promotion,Winter 2022,Guest Speaker - Women in Sports Panel,#SBAUCI #SportsBusiness #UCI #UCIrvine #KristenWelch #TheWelchConsultancy #NetWorthSports #StephanieLovell #Togethxr #MeganCiampa #LAGalaxy #Womeninsports,63,0,75,0,70,5,0,0,0,0,29,26,0,3,0,3,0,0,0
Meeting Promotion,Winter 2022,"Guest Speaker - J. Shakir Ramsey, Global Director of Digital Growth, Adidas",#SBAUCI #SportsBusiness #UCI #UCIrvine #JShakirRamsey #DigitalGrowth,62,1,78,0,77,0,0,0,0,1,28,23,2,3,0,0,0,0,0
Meeting Recap,Winter 2022,Guest Speaker - Women in Sports Panel,#SBAUCI #SportsBusiness #UCI #UCIrvine #KristenWelch #TheWelchConsultancy #NetWorthSports #StephanieLovell #Togethxr #MeganCiampa #LAGalaxy #LAChargers #WomenInSports,70,0,83,0,80,2,0,0,0,1,23,21,0,2,0,0,0,0,0
Meeting Recap,Winter 2022,Guest Speaker - Women in Sports Panel,#SBAUCI #SportsBusiness #UCI #UCIrvine #KristenWelch #TheWelch Consultancy #NetWorthSports #StephanieLovell #Togethxr #MeganCiampa #LAGalaxy #LAChargers #WomenInSports,166,2,211,0,207,4,0,0,0,0,22,21,0,1,0,1,0,0,0
Announcement,Winter 2022,Executive Board Introduction,#SBAUCI #UCI #UCIrvine #SportsBusiness #ExecutiveBoard,171,3,217,0,214,1,0,0,0,2,70,58,2,9,1,0,0,0,0
Meeting Recap,Winter 2022,"Guest Speaker - J. Shakir Ramsey, Global Director of Digital Growth, Adidas",#SBAUCI #SportsBusiness #UCI #UCIrvine #JShakirRamsey #DigitalGrowth #DataAnalytics,168,1,214,0,213,0,0,0,0,1,21,19,0,2,0,0,0,0,0
Meeting Recap,Winter 2022,"Guest Speaker - J. Shakir Ramsey, Global Director of Digital Growth, Adidas",#SBAUCI #SportsBusiness #UCI #UCIrvine #JShakirRamsey #DigitalGrowth #DataAnalytics,70,1,80,0,78,0,0,0,0,2,15,14,1,0,0,0,0,0,0
Meeting Promotion,Winter 2022,Social - Game Night,#SBAUCI #SportsBusiness #UCI #UCIrvine #Gamenightsocial #scribblio #codenames #cardsagainsthumanity,55,1,64,0,60,3,0,0,0,1,23,18,2,2,1,0,0,0,0
Meeting Promotion,Winter 2022,"Professional Workshop - Jamie Labelle, Human Resources Manager, LA Lakers",#SBAUCI #UCI #UCIrvine #SportsBusiness #ProfessionalWorkshop #Resume #CoverLetter,53,1,62,0,60,0,0,0,0,2,25,23,2,0,0,0,0,0,0
Meeting Promotion,Winter 2022,"Professional Workshop - Jamie Labelle, Human Resources Manager, LA Lakers",#SBAUCI #UCI #UCIrvine #SportsBusiness #ProfessionalWorkshop #Resume #CoverLetter #JamieLabelle #LALakers #HumanResources #Manager,90,0,112,0,111,1,0,0,0,0,28,25,1,2,0,0,0,0,0
Meeting Recap,Winter 2022,"Professional Workshop - Jamie Labelle, Human Resources Manager, LA Lakers",#SBAUCI #UCI #UCIrvine #SportsBusiness #ProfessionalWorkshop #Resume #CoverLetter #JaimeLabelle #LALakers #HumanResources #Manager,97,0,124,0,124,0,0,0,0,0,32,26,1,5,0,0,0,0,0
Meeting Recap,Winter 2022,"Professional Workshop - Jamie Labelle, Human Resources Manager, LA Lakers",#SBAUCI #UCI #UCIrvine #SportsBusiness #ProfessionalWorkshop #Resume #CoverLetter #JaimeLabelle #LALakers #HumanResources #Manager,104,1,137,1,132,0,0,0,0,4,13,12,1,0,0,1,0,0,0
Announcement,Winter 2022,No Meeting,#SBAUCI #SportsBusiness #UCI #UCIrvine,114,0,141,2,139,0,0,0,0,0,14,14,0,0,0,0,0,0,0
Event Promotion,Winter 2022,Social - Watch Party,#SBAUCI #SportsBusiness #UCI #UCIrvine #NBA #LALakers #Lakers #MilwaukeeBucks #Bucks,334,25,441,130,197,0,0,0,1,113,45,21,3,1,20,52,0,0,0
Event Recap,Winter 2022,Social - Watch Party,#SBAUCI #SportsBusiness #UCI #UCIrvine #NBA #LALakers #Lakers #MilwaukeeBucks #Bucks,278,25,361,162,184,15,0,0,0,0,25,24,0,1,0,2,0,0,0
Meeting Promotion,Winter 2022,"Guest Speaker - Connor Crowley, Associate Producer, FOX Sports",#SBAUCI #SportsBusiness #UCI #UCIrvine #ConnorCrowley #FoxSports #Production #SportsProduction,242,18,326,136,164,12,0,0,0,14,31,16,0,0,15,7,0,0,0
Meeting Promotion,Winter 2022,"Guest Speaker - Connor Crowley, Associate Producer, FOX Sports",#SBAUCI #SportsBusiness #UCI #UCIrvine #ConnorCrowley #FOXSportrs #Production #SportsProduction,210,15,273,120,142,11,0,0,0,0,16,15,0,1,0,5,0,0,0
Meeting Recap,Winter 2022,"Guest Speaker - Connor Crowley, Associate Producer, FOX Sports",#SBAUCI #SportsBusiness #UCI #UCIrvine #ConnorCrowley #FOXSports #Production #SportsProduction,262,36,364,183,134,13,0,0,0,23,38,35,0,1,2,3,0,0,0
Meeting Recap,Winter 2022,"Guest Speaker - Connor Crowley, Associate Producer, FOX Sports",#SBAUCI #SportsBusiness #UCI #UCIrvine #ConnorCrowley #FOXSports #Production #SportsProduction,213,14,304,117,179,8,0,0,0,0,15,13,0,2,0,1,0,0,0
Meeting Promotion,Winter 2022,Guest Speaker - Future of Sports Tech Panel,#SBAUCI #SportsBusiness #UCI #UCIrvine #MarkDeppe #UCIESports #MaxGrodnick #Galvanized #JoeyJones #CandyDigital #FutureinSportsPanel #Networking,263,23,346,140,135,21,0,0,0,50,49,21,1,5,22,15,0,0,0
Meeting Promotion,Winter 2022,Guest Speaker - Future of Sports Tech Panel,#SBAUCI #SportsBusiness #UCI #UCIrvine #MarkDeppe #UCIESports #MaxGrodnick #Galvanized #JoeyJones #CandyDigital #FutureinSportsPanel #Networking #FutureinSportsPanel #Networking,217,16,317,143,151,21,0,0,0,2,17,15,0,1,1,3,0,0,0
Announcement,Winter 2022,Executive Board Applications,#SBAUCI #SportsBusiness #UCI #UCIrvine #ExecutiveBoard #SBAAllStars,333,31,467,173,187,18,0,0,0,89,74,23,1,3,47,55,3,2,0
Meeting Recap,Winter 2022,Guest Speaker - Future of Sports Tech Panel,#SBAUCI #SportsBusiness #UCI #UCIrvine #JoeyJones #CandyDigital #FutureinSports #Networking,301,26,421,185,191,14,0,0,0,31,28,26,2,0,0,7,0,0,0
Meeting Recap,Winter 2022,Guest Speaker - Future of Sports Tech Panel,#SBAUCI #SportsBusiness #UCI #UCIrvine #JoeyJones #CandyDigital #FutureinSports #Networking,241,12,321,120,191,8,0,0,0,2,11,11,0,0,0,6,0,0,0
Fundraiser Promotion,Winter 2022,Fundraiser - Starbucks Coffee,#SBAUCI #SportsBusiness #UCI #UCIrvine #Fundraiser #Starbucks,247,24,321,141,135,13,0,0,0,32,43,16,3,1,23,8,0,0,0
Announcement,Winter 2022,No Meeting,#SBAUCI #SportsBusiness #UCI #UCIrvine,249,12,304,121,168,15,0,0,0,0,12,12,0,0,0,4,0,0,0
Meeting Promotion,Spring 2022,"Guest Speaker - Scott Juniper, Head Coach, UCI Women's Soccer",#SBAUCI #SportsBusiness #UCI #UCIrvine #ScottJuniper #Soccer #Futbol #UCIWomensSoccer,433,32,525,150,186,28,0,0,0,161,65,27,1,2,35,75,0,0,0
Meeting Promotion,Spring 2022,"Guest Speaker - Scott Juniper, Head Coach, UCI Women's Soccer",#SBAUCI #SportsBusiness #UCI #UCIrvine #ScottJuniper #Soccer #Futbol #UCIWomensSoccer,281,19,366,145,208,12,0,0,0,1,19,19,0,0,0,6,0,0,0
Meeting Recap,Spring 2022,"Guest Speaker - Scott Juniper, Head Coach, UCI Women's Soccer",#SBAUCI #SportsBusiness #UCI #UCIrvine #ScottJuniper #Soccer #Futbol #UCIWomensSoccer,321,32,438,214,176,18,0,0,0,25,34,32,0,0,2,8,0,0,0
Meeting Recap,Spring 2022,"Guest Speaker - Scott Juniper, Head Coach, UCI Women's Soccer",#SBAUCI #SportsBusiness #UCI #UCIrvine #ScottJuniper #Soccer #Futbol #UCIWomensSoccer,336,18,452,143,273,16,0,0,0,20,26,18,8,0,0,9,0,2,0
Meeting Promotion,Spring 2022,Guest Speaker - Alumni Roundtable,#SBAUCI #SportsBusiness #UCI #UCIrvine #AdamDo #LAClippers #BrandonHino #Ballislife #ShawnDeluz #Innopiphany #JanessaParedes #Pickup #PriyankiPabari #Deloitte #SamuelShin #AguaCalienteClippers #ChrisTusler #HydroFlow #JuanRamirez #TauroCapitalAdvisors #KatrinaKrzywicki #Paciolan,580,39,750,200,274,74,0,0,0,187,89,36,1,2,50,88,0,2,0
Meeting Recap,Spring 2022,Guest Speaker - Alumni Roundtable,#SBAUCI #SportsBusiness #UCI #UCIrvine #AdamDo #LAClippers #BrandonHino #Ballislife #ShawnDeluz #Innopiphany #JanessaParedes #Pickup #PriyankiPabari #Deloitte #SamuelShin #AguaCalienteClippers #ChrisTusler #HydroFlow #JuanRamirez #TauroCapitalAdvisors #KatrinaKrzywicki #Paciolan,400,26,547,152,367,16,0,0,0,4,29,26,0,1,2,10,0,0,0
Announcement,Spring 2022,Executive Board Introduction,#SBAUCI #UCI #UCIrvine #SportsBusiness #Interns,1503,57,2279,244,1580,34,0,0,0,420,82,50,2,5,25,258,0,0,0
Meeting Promotion,Spring 2022,"Guest Speaker - Georgia Kasperowicz, Performance Data Analyst, LAFC",#SBAUCI #SportsBusiness #UCI #UCIrvine #GeorgiaKasperowicz #LAFC #DataAnalytics #Soccer,386,27,530,126,292,41,0,0,0,63,55,22,0,2,31,31,0,0,0
Meeting Promotion,Spring 2022,"Guest Speaker - Georgia Kasperowicz, Performance Data Analyst, LAFC",#SBAUCI #SportsBusiness #UCI #UCIrvine #GeorgiaKasperowicz #Soccer #ESPN #UConn #DataAnalyst,322,18,396,133,196,67,0,0,0,0,19,18,1,0,0,10,1,0,0
Meeting Recap,Spring 2022,"Guest Speaker - Georgia Kasperowicz, Performance Data Analyst, LAFC",#SBACI #SportsBusiness #UCI #UCIrvine #Soccer #GeorgiaKasperowicz #ESPN #UConn #Dataanalyst #LAFC,450,38,532,170,199,70,0,0,0,74,43,37,0,2,4,9,0,0,0
Meeting Recap,Spring 2022,"Guest Speaker - Georgia Kasperowicz, Performance Data Analyst, LAFC",#SBAUCI #SportsBusiness #UCI #UCIrvine #GeorgiaKasperowicz #LAFC #DataAnalytics #Soccer,316,18,416,137,256,21,0,0,0,1,18,18,0,0,0,7,0,0,0
Event Promotion,Spring 2022,Facility Tour - Dodger Stadium,#SBAUCI #SportsBusiness #UCI #UCIrvine #LADodgers #UCISBAxLADodgers #FacilityTour,609,58,788,188,286,21,0,0,0,291,97,46,3,0,48,78,0,6,0
Event Recap,Spring 2022,Facility Tour - Dodger Stadium,#SBAUCI #SportsBusiness #UCI #UCIrvine #FacilityTour #DodgerStadium #LADodgers #WorldSeriesChamps,485,59,608,217,220,59,0,0,0,86,76,56,0,6,14,32,0,0,0
Announcement,Spring 2022,No Meeting,,273,20,370,131,238,0,0,0,0,1,19,19,0,0,0,1,0,0,0
Meeting Promotion,Spring 2022,"Guest Speaker - Michael Duarte, Sports Writer and Reporter, NBCLA",#SBAUCI #SportsBusiness #UCI #NBCLA #SportsJournalism #SportsWriting,353,30,442,146,219,27,0,0,0,41,62,27,2,1,32,21,0,0,0
Meeting Recap,Spring 2022,"Guest Speaker - Michael Duarte, Sports Writer and Reporter, NBCLA",#SBAUCI #SportsBusiness #UCI #UCIrvine #SportsJournalism #SportsWriting #NBCLA,451,40,561,205,256,61,0,0,0,23,42,39,1,0,2,14,0,0,0
Meeting Promotion,Spring 2022,"Guest Speaker - Scott Minto, Director of MBA Program, San Diego State University",#SBAUCI #SportsBusiness #UCI #SDSU #MBA #CareerExploration #BusinessSchool,336,21,414,136,249,3,0,0,0,25,46,20,0,0,26,9,0,0,0
Meeting Recap,Spring 2022,"Guest Speaker - Scott Minto, Director of MBA Program, San Diego State University",#SBAUCI #SportsBusiness #UCI #SDSU #MBA #CareerExploration #BusinessSchool,407,27,533,219,297,0,0,0,0,13,26,0,0,0,4,0,0,0,0
Meeting Promotion,Spring 2022,Guest Speaker - HR in Sports Panel,#SBA #SportsBusiness #HumanResources #HR #HRMA #UCI #UCIrvine #Business #HRinSports,878,60,1181,384,640,44,0,0,0,100,104,49,5,5,46,12,0,4,0
Meeting Recap,Spring 2022,Guest Speaker - HR in Sports Panel,#SBA #SportsBusiness #HumanResources #HR #HRMA #UCI #UCIrvine #Business #HRinSports,803,40,1121,430,618,18,0,0,0,42,42,39,0,1,2,6,0,0,0
Event Promotion,Spring 2022,Social - Dave & Busters,,475,22,633,146,425,0,6,0,0,56,45,18,1,0,26,28,0,0,0
Event Recap,Spring 2022,Social - Dave & Busters,#SBA #UCI #SBAUCI,534,42,664,217,394,0,12,0,0,38,47,40,0,2,5,14,0,0,0
Announcement,Spring 2022,No Meeting,#SBA #UCI #SBAUCI,531,15,722,136,579,0,7,0,0,0,15,15,0,0,0,4,0,0,0
Announcement,Spring 2022,Graduation Class,#SBAUCI #UCI #UCIrvine #SportsBusiness #UCIAlumni #GraduateSpotlight #Classof2022 #ZOTZOTZOT,918,71,1352,228,689,31,0,0,0,381,128,65,0,15,48,104,0,1,0
Meeting Promotion,Fall 2022,"Guest Speaker - Mark Deppe, Director of UCI eSports",#SBA #SBAUCI #UCI #SportsBusiness #esports,422,35,653,275,298,7,0,0,0,68,56,32,0,1,23,36,3,2,0
Meeting Recap,Fall 2022,"Guest Speaker - Mark Deppe, Director of UCI eSports",,453,57,724,398,286,0,0,0,2,38,72,57,1,6,8,30,0,0,0
Meeting Promotion,Fall 2022,Guest Speaker - Alumni Roundtable,#SBA #SBAUCI #UCI #SportsBusiness #Alumni #BrandonHino #PartnershipMarketing #LARams #SamuelShin #BasketballOperations #UCIMen #HenryCuri #Newswriter #ABC7LA,600,54,889,289,377,105,0,0,0,111,81,52,0,3,26,47,1,4,0
Fundraiser Promotion,Fall 2022,Fundraiser - Chipotle,#SBA #SBAUCI #UCI #SportsBusiness,377,24,540,256,246,9,0,0,0,29,36,23,1,2,10,22,0,0,0
Meeting Recap,Fall 2022,Guest Speaker - Alumni Roundtable,#SportsBusiness #sba #SBAUCI #UCI #UCIrvine #shelbyjacobs #corporatepartnerships #laclippers #kawhi #pg13 #johnwall,668,55,910,317,267,285,0,0,0,39,60,54,1,0,5,16,2,0,0
Meeting Promotion,Fall 2022,"Guest Speaker - Shelby Jacobs, Director of Corporate Partnerships, LA Clippers",#SBA #SBAUCI #UCI #SportsBusiness #shelbyjacobs #corporatepartnerships #laclippers,309,33,471,245,184,20,0,0,0,20,50,29,2,0,19,5,0,0,0
Meeting Recap,Fall 2022,"Guest Speaker - Shelby Jacobs, Director of Corporate Partnerships, LA Clippers",#sbauci #sportsbusiness #uci #ucirvine #shelbyjacobs #corporatepartnerships #laclippers #networking #angelsstadium,371,45,579,364,158,32,0,0,0,18,47,45,0,0,2,18,0,0,0
Event Promotion,Fall 2022,Facility Tour - Angels Stadium,#SBA #SBAUCI #UCI #SportsBusiness #Angels #AngelsStadium #Anaheim #ShoheiOhtani,471,34,647,285,239,91,0,0,0,31,56,34,3,0,19,20,2,0,0
Event Recap,Fall 2022,Facility Tour - Angels Stadium,#SBAUCI #SportsBusiness #LAAngels #angelsstadium #UCI #UCIrvine #onthemound #ShoehiOhtani #MikeTrout #MLBLegends,543,59,784,371,196,128,0,0,0,71,72,58,0,2,12,29,0,0,0
Announcement,Fall 2022,No Meeting,#SBA #SBAUCI #UCI #SportsBusiness,308,21,482,220,249,10,0,0,0,2,21,21,0,0,0,6,1,0,0
Meeting Promotion,Fall 2022,"Guest Speaker - Nathan Benyowitz, Account Executive, LA Clippers",#SBA #SBAUCI #UCI #SportsBusiness #LAClippers #Clippers #AccountExecutive,300,24,451,227,170,41,0,0,0,12,34,24,0,0,10,5,0,0,0
Announcement,Fall 2022,Executive Board Applications,#SBA #SBAUCI #UCI #SportsBusiness #ExecutiveBoard #Internship,413,35,560,313,178,21,0,0,0,47,50,29,4,1,16,40,14,4,0
Meeting Recap,Fall 2022,"Guest Speaker - Nathan Benyowitz, Account Executive, LA Clippers",#SBAUCI #SportsBusiness #UCI #UCIrvine #LAClippers #AccountExecutive #insidesales #LALakers #HallwaySeries #BattleofLA #GameEntertainment,412,36,605,321,161,115,0,0,0,8,36,35,1,0,0,9,0,0,0
Meeting Promotion,Fall 2022,"Guest Speaker - Christopher Cunanan, Associate Director of Game Entertainment, LA Lakers",#SBA #SBAUCI #UCI #SportsBusiness,308,20,443,231,170,22,0,0,0,15,29,19,0,0,10,6,1,0,0
Meeting Recap,Fall 2022,"Guest Speaker - Christopher Cunanan, Associate Director of Game Entertainment, LA Lakers",#SBAUCI #SportsBusiness #GameEntertainment #LALakers #UCI #UCIrvine,453,36,614,292,175,52,0,0,0,82,43,38,1,0,4,14,0,0,0
Meeting Promotion,Fall 2022,"Guest Speaker - Clare Wehan, Group Sales Account Executive, LA Angels",#SBA #SBAUCI #UCI #SportsBusiness,269,14,380,183,177,7,0,0,0,11,17,13,0,0,4,5,0,0,0
Meeting Recap,Fall 2022,"Guest Speaker - Clare Wehan, Group Sales Account Executive, LA Angels",#SBAUCI #sbaucirvine #UCI $UCIrvine #SportsBusiness #sales #group sales #LAAngels #ClareWehan,336,28,485,249,160,47,0,0,0,19,29,28,0,0,1,7,0,0,0
Event Promotion,Fall 2022,Social - Bowling,#SBA #SBAUCI #UCI #SportsBusiness,321,13,466,212,223,14,0,0,0,16,14,12,0,0,2,5,0,0,0
Event Recap,Fall 2022,Social - Bowling,#SBAUCI #SportsBusiness #UCI #UCIrvine #bowling #irvinelanes,406,35,527,259,188,43,0,0,0,25,36,34,0,1,1,11,0,0,0
Announcement,Fall 2022,No Meeting,#SBA #SBAUCI #UCI #SportsBusiness,303,13,460,189,267,3,0,0,0,0,13,13,0,0,0,0,0,0,0
Meeting Promotion,Winter 2023,"Guest Speaker - Megan Bustios, Premium Service Coordinator, LA Galaxy",#SBA #SBAUCI #UCI #SportsBusiness #lagalaxy,524,47,778,378,212,109,0,0,0,78,64,44,1,4,15,46,1,0,0
Announcement,Winter 2023,Quarter Schedule,,433,37,771,394,309,0,0,0,0,68,53,36,2,3,12,52,0,1,0
Announcement,Winter 2023,Executive Board Introduction,#SBAUCI #UCI #UCIrvine #SportsBusiness #Interns,797,62,1308,447,634,42,0,0,0,181,133,60,0,12,61,114,0,0,0
Meeting Recap,Winter 2023,"Guest Speaker - Megan Bustios, Premium Service Coordinator, LA Galaxy",#SBAUCI #SportsBusiness #UCI #LAGalaxy #Soccer #sales,392,29,651,316,268,52,0,0,0,13,33,28,1,0,4,6,0,0,0
Meeting Promotion,Winter 2023,"Guest Speaker - Aaron Flores, Assistant Director of Fan Experience and Community Outreach, UCI Athletics",#SBA #SBAUCI #UCI #SportsBusiness #uciathletics,324,29,484,269,175,14,0,0,0,25,37,28,0,2,7,13,0,1,0
Meeting Recap,Winter 2023,"Guest Speaker - Aaron Flores, Assistant Director of Fan Experience and Community Outreach, UCI Athletics",#SBAUCI #SportsBusiness #UCIAthletics #UCI #UCIrvinr,298,27,487,298,155,24,0,0,0,10,28,26,0,0,2,2,0,0,0
Meeting Promotion,Winter 2023,"Guest Speaker - Michael Rueda, Account Executive, LA Galaxy",#SBAUCI #SportsBusiness #UCI #LAGalaxy #Soccer #Sales #AccountExecutive,313,21,480,224,146,80,0,0,0,29,28,18,2,0,8,18,0,0,0
Meeting Recap,Winter 2023,"Guest Speaker - Michael Rueda, Account Executive, LA Galaxy",#SBAUCI #UCI #lagalaxy #SportsBusiness,337,25,513,275,151,64,0,0,0,22,27,24,0,0,3,14,0,1,0
Meeting Promotion,Winter 2023,"Guest Speaker - Adam Do, Communications Game Night Staff, LA Clippers",#SBAUCI #SportsBusiness #UCI #Alumni #LAClippers #Basketball #GameNight #Communications,337,31,458,221,154,46,0,0,0,35,37,29,0,0,8,15,0,0,0
Meeting Recap,Winter 2023,"Guest Speaker - Adam Do, Communications Game Night Staff, LA Clippers",#SBAUCI #SportsBusiness #UCI #Alumni #LAClippers #Basketball #GameNight #Communications,264,24,426,283,128,6,0,0,0,9,25,23,0,1,1,10,1,0,0
Event Promotion,Winter 2023,Social - Rock Climbing,#SBA #SBAUCI #SportsBusiness #UCI #RockClimbing #SenderOne,412,24,589,250,243,44,0,0,0,52,40,21,0,4,15,17,0,0,0
Event Recap,Winter 2023,Social - Rock Climbing,#SBAUCI #SportsBusiness #UCI #Senderone #Senderoneclimbin #RockClimbing #Bouldering,429,45,651,322,264,30,0,0,0,34,51,43,0,5,3,11,0,0,0
Meeting Promotion,Winter 2023,Guest Speaker - LBSA Collab,#SBA #SBAUCI #SportsBusiness #UCI #LBSA #Chargers #BergemanGroup #AccountExecutive,450,34,711,322,246,46,0,0,0,94,49,30,1,3,15,32,0,1,0
Meeting Recap,Winter 2023,Guest Speaker - LBSA Collab,#SBA #SBAUCI #SportsBusiness #UCI #LBSA #Chargers #BergemanGroup #AccountExecutive,246,16,407,244,120,37,0,0,0,6,17,15,1,0,1,5,0,0,0
Meeting Promotion,Winter 2023,"Guest Speaker - Randy Rigali, Group Sales Account Executive, LA Angels",#SBA #SBAUCI #UCI #SportsBusiness #laangels,257,15,386,228,111,25,0,0,0,22,19,14,0,0,5,5,0,0,0
Meeting Recap,Winter 2023,"Guest Speaker - Randy Rigali, Group Sales Account Executive, LA Angels",#SBA #SBAUCI #UCI #SportsBusiness #Sales #Groupsales #laangels #MLB,267,19,428,264,133,25,0,0,0,5,20,19,0,0,1,5,0,0,0
Meeting Promotion,Winter 2023,"Guest Speaker - Richard Anderson, Director of Quantitative Analysis, LA Dodgers",#SBA #SBAUCI #UCI #SportsBusiness #richardanderson #ladodgers,268,24,390,215,146,17,0,0,0,12,30,23,1,1,5,5,0,0,0
Event Promotion,Winter 2023,Facility Tour - Rose Bowl Stadium,#SBA #SBAUCI #SportsBusiness #RoseBowl #RoseBowlStadium #FacilityTour #Pasadena,327,16,460,231,193,13,0,0,0,22,23,14,0,1,8,10,0,0,0
Meeting Promotion,Winter 2023,"Guest Speaker - Richard Anderson, Director of Quantitative Analysis, LA Dodgers",#SBA #SBAUCI #UCI #SportsBusiness #LADodgers #QuantitativeAnalysis,377,29,573,241,278,45,0,0,0,9,30,27,2,0,1,6,0,0,0
Event Recap,Winter 2023,Facility Tour - Rose Bowl Stadium,#SBAUCI #SportsBusiness #UCI #FacilityTour #Rose #goducks,546,68,729,333,237,132,0,0,0,25,75,67,2,1,5,9,0,0,0
Event Promotion,Winter 2023,Social - Bowling,#SBA #SBAUCI #SportsBusiness #UCI #Irvinelanes,350,16,513,216,276,6,0,0,0,12,20,16,0,0,4,6,0,0,0
Event Recap,Winter 2023,Social - Bowling,#SBAUCI #SportsBusiness #UCI #irvinelanes #bowling,406,34,554,259,260,0,0,0,16,11,33,32,0,0,1,10,0,0,0
Announcement,Spring 2023,Quarter Schedule,#SBA #SpringQuarter #EventSchedule,261,24,413,240,157,6,0,0,0,9,24,21,0,0,3,9,0,0,0
Meeting Promotion,Spring 2023,"Guest Speaker - Oscar Alvarez, HR Analyst, LA Rams",#SBA #SportsBusiness #HR #HumanResources #LARams #NFL #HRMA #UCI #UCIRVINE,291,18,401,205,140,48,0,0,0,8,18,15,1,0,2,13,0,0,0
Meeting Recap,Spring 2023,"Guest Speaker - Oscar Alvarez, HR Analyst, LA Rams",#SBA #SportsBusiness #LARams #HR #HRMA,286,26,446,257,135,35,0,0,0,18,30,26,1,1,2,3,0,0,0
Meeting Promotion,Spring 2023,"Guest Speaker - Eric Pincus - National Writer, Bleacher Report",#SBAUCI #SportsBusiness #BleacherReport #NationalWriter,265,21,375,233,123,4,0,0,0,12,26,21,0,2,3,6,0,0,0
Meeting Promotion,Spring 2023,"Guest Speaker - Eric Pincus - National Writer, Bleacher Report",#SBAUCI #SportsBusiness #BleacherReport #SportsBusinessClassroom,226,17,310,204,101,4,0,0,0,1,16,16,0,0,0,1,0,0,0
Meeting Recap,Spring 2023,"Guest Speaker - Eric Pincus - National Writer, Bleacher Report",#SBAUCI #SportsBusiness #SalaryCap #SportsBusinessClassroom,234,22,352,241,104,0,0,0,1,5,23,21,0,0,2,10,0,1,0
Event Promotion,Spring 2023,Facility Tour - SoFi Stadium,#UCI #SBAUCI #SportsBusiness #SofiStadium #facilitytour,270,17,397,202,150,2,0,0,0,42,24,15,0,0,9,9,0,0,0
Meeting Promotion,Spring 2023,"Guest Speaker - Larry Coon, NBA Salary Cap Expert, Sports Business Classroom",#SBA #SportsBusiness #SalaryCap #SportsBusinessClassroom,298,25,406,220,154,0,0,0,4,24,37,23,2,0,12,14,0,1,0
Meeting Promotion,Spring 2023,"Guest Speaker - Larry Coon, NBA Salary Cap Expert, Sports Business Classroom",#SportsBusiness #SBA #UCI #SportsBusinessClassroom #NBA,265,13,350,198,147,3,0,0,0,2,14,12,2,0,0,2,0,0,0
Meeting Recap,Spring 2023,"Guest Speaker - Larry Coon, NBA Salary Cap Expert, Sports Business Classroom",#SBA #SportsBusiness #UCI #SportsBusinessClassroom #NBA,296,26,458,279,160,7,0,0,0,11,29,24,1,3,1,7,0,0,0
Meeting Promotion,Spring 2023,"Guest Speaker - Alicia Jessop, Sports Business Writer, The Athletic",#UCI #SportsBusiness #SBA #TheAthletic #Writing,260,19,371,190,158,8,0,0,0,15,23,17,1,0,5,12,0,0,0
Meeting Promotion,Spring 2023,"Guest Speaker - Alicia Jessop, Sports Business Writer, The Athletic",#SBA #SportsBusiness #UCI #TheAthletic #rulingsports,277,9,399,218,176,2,0,0,0,2,8,7,0,1,0,4,0,0,0
Meeting Recap,Spring 2023,"Guest Speaker - Alicia Jessop, Sports Business Writer, The Athletic",#Sba #SportsBusiness #theathletic #uci #ucisba,303,21,457,220,229,5,0,0,0,2,20,20,0,0,0,3,0,0,0
Event Recap,Spring 2023,Facility Tour - SoFi Stadium,#SBA #SBAUCI #stadiumtour #sofistadium #chargers #rams,470,50,637,260,279,73,0,0,0,22,51,50,0,0,1,9,0,0,0
Meeting Recap,Spring 2023,Guest Speaker - Marketing in Sports Panel,#UCI #SBAUCI #SportsrBusiness #maucirvine #hallpassmedia #intrusivesportsagency,315,21,467,229,226,2,0,0,0,9,22,19,0,1,2,6,0,0,0
Fundraiser Promotion,Spring 2023,Fundraiser - Cha For Tea,,281,16,380,206,149,0,0,0,3,22,22,15,1,0,6,19,0,1,0
Meeting Promotion,Spring 2023,"Guest Speaker - Trent Rush - Broadcaster, LA Angels",#SBA #UCI #SportsBusiness #Angels #Broadcasting,290,13,371,200,133,26,0,0,0,10,14,12,0,0,2,6,0,0,0
Meeting Recap,Spring 2023,"Guest Speaker - Trent Rush - Broadcaster, LA Angels",#SBA #SportsBusiness #UCI #UCIAthletics #Angels #laangels #broadcasting #sportsbroadcasting,277,16,414,245,149,12,0,0,0,6,17,16,0,0,1,8,0,0,0
Meeting Promotion,Spring 2023,"Guest Speaker - Brian Herbst, Senior Vice President of Media and Productions, NASCAR",#SBA #SBAUCI #sportsbusiness #NASCAR #sports,259,15,353,217,118,14,0,0,0,2,17,14,1,0,2,3,0,0,0
Meeting Promotion,Spring 2023,"Guest Speaker - Brian Herbst, Senior Vice President of Media and Productions, NASCAR",#SportsBusiness #UCI #NASCAR #Media #Production,263,11,366,171,190,0,0,0,1,3,11,11,0,0,0,1,0,0,0
Meeting Promotion,Spring 2023,"Guest Speaker - Gabriella Cipolletti, Account Manager of Partnership Services, LA Angels",#laangels #uci #sportsbusiness,303,15,435,216,182,11,0,0,0,26,20,14,1,0,5,12,0,1,0
Meeting Recap,Spring 2023,"Guest Speaker - Gabriella Cipolletti, Account Manager of Partnership Services, LA Angels",#UCI #SportsBusiness,316,22,472,258,210,0,0,0,2,2,24,22,0,0,2,5,0,0,0
Event Promotion,Spring 2023,Social - Bowling,#SBAUCI #SportsBusiness #UCI #irvinelanes #bowling,371,14,562,225,326,3,0,0,0,8,14,13,0,0,1,2,0,0,0
Event Recap,Spring 2023,Social - Bowling,#SBAUCI #SportsBusiness #UCI #irvinelanes #bowling,473,31,731,267,440,0,0,0,5,16,32,30,0,1,1,9,0,0,0
Announcement,Spring 2023,Graduation Class,#sba #uci #classof2023 #graduates,595,48,952,332,551,18,0,0,0,43,60,48,0,8,4,16,1,0,0
Meeting Promotion,Fall 2023,"Guest Speaker - Ben Beeri, Owner/Founder, Golden State Memorabilia",#SBA #SBAUCI #GoldenState #Memorabilia #BenBeeri,485,44,738,361,246,21,0,0,0,107,54,37,2,2,13,63,1,0,1
Meeting Recap,Fall 2023,"Guest Speaker - Ben Beeri, Owner/Founder, Golden State Memorabilia",#SBAUCI #Memorabilia #GoldenStateMemorabilia,330,33,586,384,186,0,0,0,3,13,39,31,1,0,7,15,0,0,0
Meeting Promotion,Fall 2023,"Guest Speaker - Beau Estes, NBA Announcer, Turner Sports",#SBA #SportsBusiness #UCI #TurnerSports,324,31,498,300,163,6,0,0,0,25,34,29,1,0,4,17,1,0,0
Meeting Promotion,Fall 2023,"Guest Speaker - Beau Estes, NBA Announcer, Turner Sports",,305,26,427,265,135,0,0,0,1,26,30,26,1,0,3,25,1,0,0
Meeting Recap,Fall 2023,"Guest Speaker - Beau Estes, NBA Announcer, Turner Sports",#BeauEstes #Goatmentator #TurnerSports #NBATopTen #NBAAnnouncer,310,26,532,343,172,0,0,0,2,14,27,26,0,0,1,8,0,0,0
Meeting Promotion,Fall 2023,"Guest Speaker - Aaron Flores, Assistant Director of Fan Experience and Community Outreach, UCI Athletics",#UCI #SportsBusiness #UCIAthletics #FanExperience,346,20,547,335,174,5,0,0,0,30,26,19,0,2,5,11,0,0,0
Meeting Recap,Fall 2023,"Guest Speaker - Aaron Flores, Assistant Director of Fan Experience and Community Outreach, UCI Athletics",,291,28,580,399,175,0,0,0,3,3,35,28,0,0,7,9,0,0,0
Meeting Promotion,Fall 2023,"Guest Speaker - Sam Averbuck, Director of G-League Operations/Player Development Coordinator, LA Clippers",#SportsBusiness #UCI #LAClippers,377,26,542,320,188,14,0,0,0,12,30,25,1,0,4,12,2,1,0
Meeting Recap,Fall 2023,"Guest Speaker - Sam Averbuck, Director of G-League Operations/Player Development Coordinator, LA Clippers",#SportsBusiness #UCI #LAClippers,279,23,484,324,143,5,0,0,0,8,29,19,1,0,9,6,0,0,0
Event Promotion,Fall 2023,Social - Bowling,#UCI #SportsBusiness #Bowling,293,16,415,195,188,6,0,0,0,23,19,15,1,0,3,14,4,0,0
Event Recap,Fall 2023,Social - Bowling,#sbaucirvine #sbauci #uci #ucirvine #sportsbusiness #bowling #irvinelanes,356,28,456,280,155,12,0,0,0,8,30,27,0,1,2,6,0,0,0
Meeting Promotion,Fall 2023,Social - Trivia Night,#sbauci #sportsbusiness #uci #ucirvine #trivianight #sportsknowledge,279,16,380,182,173,6,0,0,0,19,17,14,1,0,2,6,0,0,0
Announcement,Fall 2023,Executive Board Applications,#sbauci #sportsbusiness #executiveboard #internapps,307,22,406,246,115,2,0,0,0,43,24,20,2,0,2,35,14,0,0
Meeting Promotion,Fall 2023,"Guest Speaker - Anthony Harrison, Community Engagement, LA Rams",#Rams #SBA #UCI #CommunityEngagement,302,31,391,220,133,13,0,0,0,25,40,28,2,0,10,8,1,0,0
Meeting Recap,Fall 2023,"Guest Speaker - Anthony Harrison, Community Engagement, LA Rams",,262,19,367,248,118,0,0,0,0,1,19,18,0,0,1,7,1,0,0
Meeting Promotion,Fall 2023,"Guest Speaker - Sam Shin, Player Attendant, LA Clippers",#sba #uci #LAClippers #alumni #samshin,350,29,4465,270,114,11,0,0,0,64,37,27,1,3,6,23,1,1,0
Event Promotion,Fall 2023,Facility Tour - Dignity Health Sports Park,#lagalaxy #dignityhealthsportspark #facilitytour #sba #uci,261,15,363,192,150,15,0,0,0,6,17,15,0,0,2,9,2,0,0
Meeting Promotion,Fall 2023,"Guest Speaker - Dr. Erkut Sogut, Sports Agent/Lawyer and Founder, Erkut Sogut Academy",#sportsagent #athleterepresentation #erkutsogutacademy #sportsbusiness #sbauci,283,20,380,211,119,6,0,0,0,44,22,16,2,0,4,24,0,1,0
Meeting Recap,Fall 2023,"Guest Speaker - Dr. Erkut Sogut, Sports Agent/Lawyer and Founder, Erkut Sogut Academy",,315,30,447,270,157,0,0,0,0,20,34,29,1,2,2,8,2,0,0
Event Recap,Fall 2023,Facility Tour - Dignity Health Sports Park,,369,42,516,302,182,0,0,0,1,31,44,41,0,0,3,8,1,0,0